Workbook

Sheet Summary
A1: BRYT Contract Note - Estimate Summary
A3: Estimate | B3: Sub-Tasks | C3: Required (days) | D3: Optional (days) | E3: Total (days)
A4: Est 1: PDF/Template Management | B4: =COUNTIF('Task Detail'!A:A,A4) -> 43 | C4: =SUMIFS('Task Detail'!E:E,'Task Detail'!A:A,A4,'Task Detail'!F:F,"") -> 9 | D4: =SUMIFS('Task Detail'!E:E,'Task Detail'!A:A,A4,'Task Detail'!F:F,"Yes") -> 4.5 | E4: =C4+D4 -> 13.5
A5: Est 2: DocuSign Integration | B5: =COUNTIF('Task Detail'!A:A,A5) -> 25 | C5: =SUMIFS('Task Detail'!E:E,'Task Detail'!A:A,A5,'Task Detail'!F:F,"") -> 4.125 | D5: =SUMIFS('Task Detail'!E:E,'Task Detail'!A:A,A5,'Task Detail'!F:F,"Yes") -> 3 | E5: =C5+D5 -> 7.125
A6: Est 3a: Training & Enablement | B6: 7 | C6: 4 | D6: 0 | E6: 4
A7: Est 3b: Data Source Extensibility | B7: =COUNTIF('Task Detail'!A:A,A7) -> 26 | C7: =SUMIFS('Task Detail'!E:E,'Task Detail'!A:A,A7,'Task Detail'!F:F,"") -> 6.375 | D7: =SUMIFS('Task Detail'!E:E,'Task Detail'!A:A,A7,'Task Detail'!F:F,"Yes") -> 2.5 | E7: =C7+D7 -> 8.875
A8: Est 4: Bespoke Contracts | B8: =COUNTIF('Task Detail'!A:A,A8) -> 25 | C8: =SUMIFS('Task Detail'!E:E,'Task Detail'!A:A,A8,'Task Detail'!F:F,"") -> 4.75 | D8: =SUMIFS('Task Detail'!E:E,'Task Detail'!A:A,A8,'Task Detail'!F:F,"Yes") -> 3 | E8: =C8+D8 -> 7.75
A9: Est 5: Comparison Audit | B9: =COUNTIF('Task Detail'!A:A,A9) -> 16 | C9: =SUMIFS('Task Detail'!E:E,'Task Detail'!A:A,A9,'Task Detail'!F:F,"") -> 12.375 | D9: =SUMIFS('Task Detail'!E:E,'Task Detail'!A:A,A9,'Task Detail'!F:F,"Yes") -> 0 | E9: =C9+D9 -> 12.375
A10: TOTAL | B10: =SUM(B4:B9) -> 142 | C10: =SUM(C4:C9) -> 40.625 | D10: =SUM(D4:D9) -> 13 | E10: =SUM(E4:E9) -> 53.625

Sheet Task Detail
A1: Estimate | B1: Task ID | C1: Task Description | D1: Category | E1: Days | F1: Optional
A2: Est 1: PDF/Template Management | B2: 1.1 | C2: Define CDK infrastructure for DynamoDB table, S3 buckets, and API Gateway routes | D2: infrastructure | E2: 1
A3: Est 1: PDF/Template Management | B3: 1.2 | C3: Create shared TypeScript interfaces and types | D3: api_backend | E3: 0.125
A4: Est 1: PDF/Template Management | B4: 1.3 | C4: Implement specification tree validation utility | D4: api_backend | E4: 0.125
A5: Est 1: PDF/Template Management | B5: 1.4 | C5: Write property tests for specification tree validation | D5: testing | E5: 0.5 | F5: Yes
A6: Est 1: PDF/Template Management | B6: 2.1 | C6: Implement `list-templates` handler | D6: api_backend | E6: 0.125
A7: Est 1: PDF/Template Management | B7: 2.2 | C7: Implement `create-template` handler | D7: api_backend | E7: 0.125
A8: Est 1: PDF/Template Management | B8: 2.3 | C8: Implement `get-template` handler | D8: api_backend | E8: 0.125
A9: Est 1: PDF/Template Management | B9: 2.4 | C9: Implement `update-template` handler | D9: api_backend | E9: 0.125
A10: Est 1: PDF/Template Management | B10: 2.5 | C10: Implement `delete-template` handler | D10: api_backend | E10: 0.125
A11: Est 1: PDF/Template Management | B11: 2.6 | C11: Implement `reorder-templates` handler | D11: api_backend | E11: 0.125
A12: Est 1: PDF/Template Management | B12: 2.7 | C12: Write property tests for template API logic | D12: testing | E12: 0.5 | F12: Yes
A13: Est 1: PDF/Template Management | B13: 3.1 | C13: Implement `list-sections` handler | D13: api_backend | E13: 0.125
A14: Est 1: PDF/Template Management | B14: 3.2 | C14: Implement `add-section` handler | D14: api_backend | E14: 0.125
A15: Est 1: PDF/Template Management | B15: 3.3 | C15: Implement `remove-section` handler | D15: api_backend | E15: 0.125
A16: Est 1: PDF/Template Management | B16: 3.4 | C16: Implement `reorder-sections` handler | D16: api_backend | E16: 0.125
A17: Est 1: PDF/Template Management | B17: 3.5 | C17: Implement `get-section-schema` and `save-section-schema` handlers | D17: api_backend | E17: 0.125
A18: Est 1: PDF/Template Management | B18: 3.6 | C18: Implement section version history handlers | D18: api_backend | E18: 0.125
A19: Est 1: PDF/Template Management | B19: 3.7 | C19: Implement shared section CRUD handlers | D19: api_backend | E19: 0.125
A20: Est 1: PDF/Template Management | B20: 3.8 | C20: Implement template change log | D20: api_backend | E20: 0.125
A21: Est 1: PDF/Template Management | B21: 3.9 | C21: Write property tests for section API logic | D21: testing | E21: 0.5 | F21: Yes
A22: Est 1: PDF/Template Management | B22: 4.1 | C22: Implement `get-rule` handler | D22: api_backend | E22: 0.125
A23: Est 1: PDF/Template Management | B23: 4.2 | C23: Implement `save-rule` handler | D23: api_backend | E23: 0.125
A24: Est 1: PDF/Template Management | B24: 6.1 | C24: Implement specification evaluator | D24: api_backend | E24: 0.125
A25: Est 1: PDF/Template Management | B25: 6.2 | C25: Write property tests for specification evaluator | D25: testing | E25: 0.5 | F25: Yes
A26: Est 1: PDF/Template Management | B26: 6.3 | C26: Implement template selection logic | D26: api_backend | E26: 0.125
A27: Est 1: PDF/Template Management | B27: 6.4 | C27: Implement section renderer | D27: api_backend | E27: 0.125
A28: Est 1: PDF/Template Management | B28: 6.5 | C28: Write property test for section rendering | D28: testing | E28: 0.5 | F28: Yes
A29: Est 1: PDF/Template Management | B29: 6.6 | C29: Implement PDF stitcher | D29: api_backend | E29: 0.125
A30: Est 1: PDF/Template Management | B30: 6.7 | C30: Write property test for PDF stitching | D30: testing | E30: 0.5 | F30: Yes
A31: Est 1: PDF/Template Management | B31: 6.8 | C31: Implement XML-to-JSON parser and S3 trigger handler | D31: api_backend | E31: 0.125
A32: Est 1: PDF/Template Management | B32: 6.9 | C32: Write property tests for pipeline | D32: testing | E32: 0.5 | F32: Yes
A33: Est 1: PDF/Template Management | B33: 8.1 | C33: Create ContractNoteModule with routing | D33: frontend | E33: 0.5
A34: Est 1: PDF/Template Management | B34: 8.2 | C34: Implement TemplateService, SectionService, and RulesService | D34: frontend | E34: 0.5
A35: Est 1: PDF/Template Management | B35: 9.1 | C35: Implement TemplateListComponent | D35: frontend | E35: 0.5
A36: Est 1: PDF/Template Management | B36: 9.2 | C36: Implement TemplateEditComponent | D36: frontend | E36: 0.5
A37: Est 1: PDF/Template Management | B37: 9.2a | C37: Implement SectionVersionHistoryComponent | D37: frontend | E37: 0.5
A38: Est 1: PDF/Template Management | B38: 9.3 | C38: Implement RulesConfigComponent | D38: frontend | E38: 0.5
A39: Est 1: PDF/Template Management | B39: 9.4 | C39: Implement SectionEditorComponent (Web Component wrapper for pdf-me Designer) | D39: frontend | E39: 0.5
A40: Est 1: PDF/Template Management | B40: 9.5 | C40: Implement SharedSectionsComponent and SharedSectionDetailComponent | D40: frontend | E40: 0.5
A41: Est 1: PDF/Template Management | B41: 9.6 | C41: Write unit tests for Angular components | D41: testing | E41: 0.5 | F41: Yes
A42: Est 1: PDF/Template Management | B42: 11.1 | C42: Wire CDK deployment for all components | D42: infrastructure | E42: 1
A43: Est 1: PDF/Template Management | B43: 11.2 | C43: Add navigation entry in Admin Portal sidebar for Contract Note Templates | D43: integration | E43: 0.125
A44: Est 1: PDF/Template Management | B44: 11.3 | C44: Write integration tests for full pipeline flow | D44: testing | E44: 0.5 | F44: Yes
A45: Est 2: DocuSign Integration | B45: 1.1 | C45: Define CDK infrastructure for DynamoDB table, S3 bucket, API Gateway, and Secrets Manager | D45: infrastructure | E45: 1
A46: Est 2: DocuSign Integration | B46: 1.2 | C46: Create shared TypeScript interfaces and types | D46: api_backend | E46: 0.125
A47: Est 2: DocuSign Integration | B47: 1.3 | C47: Implement retry utility with exponential backoff | D47: api_backend | E47: 0.125
A48: Est 2: DocuSign Integration | B48: 1.4 | C48: Implement error record writer utility | D48: api_backend | E48: 0.125
A49: Est 2: DocuSign Integration | B49: 2.1 | C49: Implement Salesforce OAuth client | D49: api_backend | E49: 0.125
A50: Est 2: DocuSign Integration | B50: 2.2 | C50: Implement customer contact lookup | D50: api_backend | E50: 0.125
A51: Est 2: DocuSign Integration | B51: 2.3 | C51: Implement signed document upload to Salesforce | D51: api_backend | E51: 0.125
A52: Est 2: DocuSign Integration | B52: 2.4 | C52: Write property tests for Salesforce client | D52: testing | E52: 0.5 | F52: Yes
A53: Est 2: DocuSign Integration | B53: 3.1 | C53: Implement DocuSign JWT authentication | D53: api_backend | E53: 0.125
A54: Est 2: DocuSign Integration | B54: 3.2 | C54: Implement envelope creation | D54: api_backend | E54: 0.125
A55: Est 2: DocuSign Integration | B55: 3.3 | C55: Implement signed document download | D55: api_backend | E55: 0.125
A56: Est 2: DocuSign Integration | B56: 3.4 | C56: Implement HMAC webhook signature validation | D56: api_backend | E56: 0.125
A57: Est 2: DocuSign Integration | B57: 3.5 | C57: Write property tests for DocuSign client | D57: testing | E57: 0.5 | F57: Yes
A58: Est 2: DocuSign Integration | B58: 4.1 | C58: Implement DynamoDB metadata operations | D58: api_backend | E58: 0.125
A59: Est 2: DocuSign Integration | B59: 4.2 | C59: Write property tests for metadata service | D59: testing | E59: 0.5 | F59: Yes
A60: Est 2: DocuSign Integration | B60: 5.1 | C60: Implement S3 event handler and contract metadata extraction | D60: api_backend | E60: 0.125
A61: Est 2: DocuSign Integration | B61: 5.2 | C61: Implement send envelope orchestration | D61: api_backend | E61: 0.125
A62: Est 2: DocuSign Integration | B62: 5.3 | C62: Write property tests for send envelope flow | D62: testing | E62: 0.5 | F62: Yes
A63: Est 2: DocuSign Integration | B63: 7.1 | C63: Implement webhook request handler | D63: api_backend | E63: 0.125
A64: Est 2: DocuSign Integration | B64: 7.2 | C64: Implement completion flow | D64: api_backend | E64: 0.125
A65: Est 2: DocuSign Integration | B65: 7.3 | C65: Implement declined/expired flow | D65: api_backend | E65: 0.125
A66: Est 2: DocuSign Integration | B66: 7.4 | C66: Write property tests for webhook handler | D66: testing | E66: 0.5 | F66: Yes
A67: Est 2: DocuSign Integration | B67: 9.1 | C67: Wire CDK deployment for all components | D67: infrastructure | E67: 1
A68: Est 2: DocuSign Integration | B68: 9.2 | C68: Configure contract metadata sidecar in Estimate 1 render pipeline | D68: api_backend | E68: 0.125
A69: Est 2: DocuSign Integration | B69: 9.3 | C69: Write integration tests for full pipeline flow | D69: testing | E69: 0.5 | F69: Yes
A70: Est 3b: Data Source Extensibility | B70: 1.1 | C70: Modify Project Role trust policy to allow Lambda assumption | D70: infrastructure | E70: 1
A71: Est 3b: Data Source Extensibility | B71: 1.2 | C71: Configure Athena workgroup and results bucket | D71: infrastructure | E71: 1
A72: Est 3b: Data Source Extensibility | B72: 1.3 | C72: Add DynamoDB records for template data source attachments | D72: api_backend | E72: 0.125
A73: Est 3b: Data Source Extensibility | B73: 2.1 | C73: Implement Glue catalog client (assumes Project Role) | D73: api_backend | E73: 0.125
A74: Est 3b: Data Source Extensibility | B74: 2.2 | C74: Implement column detail fetcher | D74: api_backend | E74: 0.125
A75: Est 3b: Data Source Extensibility | B75: 2.3 | C75: Write property tests for discovery | D75: testing | E75: 0.5 | F75: Yes
A76: Est 3b: Data Source Extensibility | B76: 3.1 | C76: Implement `list-available` handler | D76: api_backend | E76: 0.125
A77: Est 3b: Data Source Extensibility | B77: 3.2 | C77: Implement `get-columns` handler | D77: api_backend | E77: 0.125
A78: Est 3b: Data Source Extensibility | B78: 3.3 | C78: Implement `attach-data-source` handler | D78: api_backend | E78: 0.125
A79: Est 3b: Data Source Extensibility | B79: 3.4 | C79: Implement `detach-data-source` handler | D79: api_backend | E79: 0.125
A80: Est 3b: Data Source Extensibility | B80: 3.5 | C80: Implement `list-attached` handler | D80: api_backend | E80: 0.125
A81: Est 3b: Data Source Extensibility | B81: 3.6 | C81: Write property tests for data source API | D81: testing | E81: 0.5 | F81: Yes
A82: Est 3b: Data Source Extensibility | B82: 4.1 | C82: Implement Athena query executor | D82: api_backend | E82: 0.125
A83: Est 3b: Data Source Extensibility | B83: 4.2 | C83: Implement enrichment orchestrator | D83: api_backend | E83: 0.125
A84: Est 3b: Data Source Extensibility | B84: 4.3 | C84: Integrate enrichment step into render pipeline | D84: api_backend | E84: 0.125
A85: Est 3b: Data Source Extensibility | B85: 4.4 | C85: Write property tests for enrichment | D85: testing | E85: 0.5 | F85: Yes
A86: Est 3b: Data Source Extensibility | B86: 6.1 | C86: Implement DataSourceService | D86: frontend | E86: 0.5
A87: Est 3b: Data Source Extensibility | B87: 6.2 | C87: Extend TemplateEditComponent with Data Sources panel | D87: frontend | E87: 0.5
A88: Est 3b: Data Source Extensibility | B88: 6.3 | C88: Implement data source picker dialog | D88: api_backend | E88: 0.125
A89: Est 3b: Data Source Extensibility | B89: 7.1 | C89: Extend SectionEditorComponent to show data source fields | D89: frontend | E89: 0.5
A90: Est 3b: Data Source Extensibility | B90: 7.2 | C90: Implement shared section dependency tracking | D90: api_backend | E90: 0.125
A91: Est 3b: Data Source Extensibility | B91: 7.3 | C91: Implement shared section attachment dependency check | D91: api_backend | E91: 0.125
A92: Est 3b: Data Source Extensibility | B92: 7.4 | C92: Display data source dependencies on Shared Section detail screen | D92: api_backend | E92: 0.125
A93: Est 3b: Data Source Extensibility | B93: 7.5 | C93: Write property tests for frontend logic | D93: testing | E93: 0.5 | F93: Yes
A94: Est 3b: Data Source Extensibility | B94: 9.1 | C94: Wire CDK deployment for new components | D94: infrastructure | E94: 1
A95: Est 3b: Data Source Extensibility | B95: 9.2 | C95: Write integration tests | D95: testing | E95: 0.5 | F95: Yes
A96: Est 4: Bespoke Contracts | B96: 1.1 | C96: Implement Salesforce bespoke flag check in render pipeline | D96: api_backend | E96: 0.125
A97: Est 4: Bespoke Contracts | B97: 1.2 | C97: Implement pending bespoke record creation | D97: api_backend | E97: 0.125
A98: Est 4: Bespoke Contracts | B98: 1.3 | C98: Write property tests for pipeline skip | D98: testing | E98: 0.5 | F98: Yes
A99: Est 4: Bespoke Contracts | B99: 2.1 | C99: Implement `list-bespoke` handler | D99: api_backend | E99: 0.125
A100: Est 4: Bespoke Contracts | B100: 2.2 | C100: Implement `create-bespoke` handler | D100: api_backend | E100: 0.125
...
