Workbook

Sheet Summary
A1: BRYT Report Builder POC - Estimate Summary
A3: Phase | B3: Tasks | C3: Required (days) | D3: Optional (days) | E3: Total (days)
A4: Phase 1: Foundations | B4: =COUNTIF('Task Detail'!$A:$A,$A4) -> 3 | C4: =SUMIFS('Task Detail'!$E:$E,'Task Detail'!$A:$A,$A4,'Task Detail'!$F:$F,"") -> 0.75 | D4: =SUMIFS('Task Detail'!$E:$E,'Task Detail'!$A:$A,$A4,'Task Detail'!$F:$F,"Yes") -> 0 | E4: =C4+D4 -> 0.75
A5: Phase 2: Query generation + validation | B5: =COUNTIF('Task Detail'!$A:$A,$A5) -> 3 | C5: =SUMIFS('Task Detail'!$E:$E,'Task Detail'!$A:$A,$A5,'Task Detail'!$F:$F,"") -> 0.75 | D5: =SUMIFS('Task Detail'!$E:$E,'Task Detail'!$A:$A,$A5,'Task Detail'!$F:$F,"Yes") -> 0 | E5: =C5+D5 -> 0.75
A6: Phase 3: Backend services | B6: =COUNTIF('Task Detail'!$A:$A,$A6) -> 4 | C6: =SUMIFS('Task Detail'!$E:$E,'Task Detail'!$A:$A,$A6,'Task Detail'!$F:$F,"") -> 1.25 | D6: =SUMIFS('Task Detail'!$E:$E,'Task Detail'!$A:$A,$A6,'Task Detail'!$F:$F,"Yes") -> 0 | E6: =C6+D6 -> 1.25
A7: Phase 4: Run + preview + download | B7: =COUNTIF('Task Detail'!$A:$A,$A7) -> 3 | C7: =SUMIFS('Task Detail'!$E:$E,'Task Detail'!$A:$A,$A7,'Task Detail'!$F:$F,"") -> 0 | D7: =SUMIFS('Task Detail'!$E:$E,'Task Detail'!$A:$A,$A7,'Task Detail'!$F:$F,"Yes") -> 0 | E7: =C7+D7 -> 0
A8: Phase 5: Frontend | B8: =COUNTIF('Task Detail'!$A:$A,$A8) -> 3 | C8: =SUMIFS('Task Detail'!$E:$E,'Task Detail'!$A:$A,$A8,'Task Detail'!$F:$F,"") -> 3.5 | D8: =SUMIFS('Task Detail'!$E:$E,'Task Detail'!$A:$A,$A8,'Task Detail'!$F:$F,"Yes") -> 0 | E8: =C8+D8 -> 3.5
A9: Phase 6: Demo readiness | B9: =COUNTIF('Task Detail'!$A:$A,$A9) -> 2 | C9: =SUMIFS('Task Detail'!$E:$E,'Task Detail'!$A:$A,$A9,'Task Detail'!$F:$F,"") -> 0.5 | D9: =SUMIFS('Task Detail'!$E:$E,'Task Detail'!$A:$A,$A9,'Task Detail'!$F:$F,"Yes") -> 0 | E9: =C9+D9 -> 0.5
A10: TOTAL | B10: =SUM(B4:B9) -> 18 | C10: =SUM(C4:C9) -> 6.75 | D10: =SUM(D4:D9) -> 0 | E10: =SUM(E4:E9) -> 6.75

Sheet Task Detail
A1: Estimate | B1: Task ID | C1: Task Description | D1: Category | E1: Days | F1: Optional
A2: Phase 1: Foundations | B2: 1 | C2: Scaffold the POC project | D2: scaffold | E2: 0.5
A3: Phase 1: Foundations | B3: 2 | C3: Define `core` domain types | D3: core | E3: 0.125
A4: Phase 1: Foundations | B4: 3 | C4: Bring in the Join_Manifest + demo allow-list | D4: core | E4: 0.125
A5: Phase 2: Query generation + validation | B5: 4 | C5: Implement `validateDesign(design, catalog, manifest) | D5: core | E5: 0.25
A6: Phase 2: Query generation + validation | B6: 5 | C6: Implement `Query_Generator` (design + catalog + manifest → SQL) | D6: core | E6: 0.25
A7: Phase 2: Query generation + validation | B7: 6 | C7: Implement `Report_Design` serialise/deserialise round-trip | D7: core | E7: 0.25
A8: Phase 3: Backend services | B8: 7 | C8: Catalog service (static / cached) | D8: backend | E8: 0.25
A9: Phase 3: Backend services | B9: 8 | C9: Reports CRUD (simple store) | D9: backend | E9: 0.25
A10: Phase 3: Backend services | B10: 9 | C10: Assistant chat handler — Converse tool-use loop (the star) | D10: assistant | E10: 0.5
A11: Phase 3: Backend services | B11: 10 | C11: Optional `validate_query` dry-run (`EXPLAIN`) polish | D11: assistant | E11: 0.25
A12: Phase 4: Run + preview + download | B12: 11 | C12: Run handler (generate → Athena → CSV, no Step Functions) | D12: run | E12: 0
A13: Phase 4: Run + preview + download | B13: 12 | C13: CSV download handler | D13: run | E13: 0
... A19: Phase 6: Demo readiness | B19: 18 | C19: End-to-end demo run-through | D19: demo | E19: 0.25
